Workbook

Sheet Orders
A1: OrderID | B1: OrderDate | C1: ProductID | D1: Quantity | E1: UnitCost | F1: SupplierID | G1: PromisedDate | H1: DeliveredDate | I1: Warehouse | J1: TotalCost | K1: LeadTime | L1: DaysLate | M1: OnTime? | N1: DeliveryStatus | O1: Month
A2: 1001 | B2: 45296 | C2: P101 | D2: 500 | E2: 12.5 | F2: S01 | G2: 45301 | H2: 45301 | I2: North | J2: =D2*E2 -> 6250 | K2: =H2-B2 -> 5 | L2: =H2-G2 -> 0 | M2: =IF(L2<=0,"Yes","No") -> Yes | N2: =IF(L2<0,"Early",IF(L2=0,"On-Time","Late")) -> On-Time | O2: =TEXT(B2,"mmmm") -> January
A3: 1002 | B3: 45297 | C3: P102 | D3: 300 | E3: 8.75 | F3: S02 | G3: 45303 | H3: 45305 | I3: South | J3: =D3*E3 -> 2625 | K3: =H3-B3 -> 8 | L3: =H3-G3 -> 2 | M3: =IF(L3<=0,"Yes","No") -> No | N3: =IF(L3<0,"Early",IF(L3=0,"On-Time","Late")) -> Late | O3: =TEXT(B3,"mmmm") -> January
A4: 1003 | B4: 45298 | C4: P103 | D4: 750 | E4: 22 | F4: S01 | G4: 45305 | H4: 45304 | I4: East | J4: =D4*E4 -> 16500 | K4: =H4-B4 -> 6 | L4: =H4-G4 -> -1 | M4: =IF(L4<=0,"Yes","No") -> Yes | N4: =IF(L4<0,"Early",IF(L4=0,"On-Time","Late")) -> Early | O4: =TEXT(B4,"mmmm") -> January
A5: 1004 | B5: 45299 | C5: P101 | D5: 200 | E5: 12.5 | F5: S03 | G5: 45304 | H5: 45306 | I5: North | J5: =D5*E5 -> 2500 | K5: =H5-B5 -> 7 | L5: =H5-G5 -> 2 | M5: =IF(L5<=0,"Yes","No") -> No | N5: =IF(L5<0,"Early",IF(L5=0,"On-Time","Late")) -> Late | O5: =TEXT(B5,"mmmm") -> January
A6: 1005 | B6: 45301 | C6: P104 | D6: 100 | E6: 45 | F6: S02 | G6: 45306 | H6: 45306 | I6: West | J6: =D6*E6 -> 4500 | K6: =H6-B6 -> 5 | L6: =H6-G6 -> 0 | M6: =IF(L6<=0,"Yes","No") -> Yes | N6: =IF(L6<0,"Early",IF(L6=0,"On-Time","Late")) -> On-Time | O6: =TEXT(B6,"mmmm") -> January
A7: 1006 | B7: 45303 | C7: P102 | D7: 450 | E7: 8.75 | F7: S01 | G7: 45309 | H7: 45311 | I7: South | J7: =D7*E7 -> 3937.5 | K7: =H7-B7 -> 8 | L7: =H7-G7 -> 2 | M7: =IF(L7<=0,"Yes","No") -> No | N7: =IF(L7<0,"Early",IF(L7=0,"On-Time","Late")) -> Late | O7: =TEXT(B7,"mmmm") -> January
A8: 1007 | B8: 45305 | C8: P105 | D8: 600 | E8: 15.25 | F8: S03 | G8: 45311 | H8: 45310 | I8: East | J8: =D8*E8 -> 9150 | K8: =H8-B8 -> 5 | L8: =H8-G8 -> -1 | M8: =IF(L8<=0,"Yes","No") -> Yes | N8: =IF(L8<0,"Early",IF(L8=0,"On-Time","Late")) -> Early | O8: =TEXT(B8,"mmmm") -> January
A9: 1008 | B9: 45306 | C9: P103 | D9: 400 | E9: 22 | F9: S02 | G9: 45313 | H9: 45316 | I9: North | J9: =D9*E9 -> 8800 | K9: =H9-B9 -> 10 | L9: =H9-G9 -> 3 | M9: =IF(L9<=0,"Yes","No") -> No | N9: =IF(L9<0,"Early",IF(L9=0,"On-Time","Late")) -> Late | O9: =TEXT(B9,"mmmm") -> January
A10: 1009 | B10: 45309 | C10: P101 | D10: 350 | E10: 12.5 | F10: S01 | G10: 45315 | H10: 45315 | I10: West | J10: =D10*E10 -> 4375 | K10: =H10-B10 -> 6 | L10: =H10-G10 -> 0 | M10: =IF(L10<=0,"Yes","No") -> Yes | N10: =IF(L10<0,"Early",IF(L10=0,"On-Time","Late")) -> On-Time | O10: =TEXT(B10,"mmmm") -> January
A11: 1010 | B11: 45311 | C11: P104 | D11: 250 | E11: 45 | F11: S03 | G11: 45317 | H11: 45319 | I11: South | J11: =D11*E11 -> 11250 | K11: =H11-B11 -> 8 | L11: =H11-G11 -> 2 | M11: =IF(L11<=0,"Yes","No") -> No | N11: =IF(L11<0,"Early",IF(L11=0,"On-Time","Late")) -> Late | O11: =TEXT(B11,"mmmm") -> January
A12: 1011 | B12: 45313 | C12: P105 | D12: 800 | E12: 15.25 | F12: S01 | G12: 45319 | H12: 45318 | I12: North | J12: =D12*E12 -> 12200 | K12: =H12-B12 -> 5 | L12: =H12-G12 -> -1 | M12: =IF(L12<=0,"Yes","No") -> Yes | N12: =IF(L12<0,"Early",IF(L12=0,"On-Time","Late")) -> Early | O12: =TEXT(B12,"mmmm") -> January
A13: 1012 | B13: 45316 | C13: P102 | D13: 550 | E13: 8.75 | F13: S02 | G13: 45322 | H13: 45324 | I13: East | J13: =D13*E13 -> 4812.5 | K13: =H13-B13 -> 8 | L13: =H13-G13 -> 2 | M13: =IF(L13<=0,"Yes","No") -> No | N13: =IF(L13<0,"Early",IF(L13=0,"On-Time","Late")) -> Late | O13: =TEXT(B13,"mmmm") -> January
... A21: 1020 | B21: 45337 | C21: P104 | D21: 200 | E21: 45 | F21: S03 | G21: 45343 | H21: 45345 | I21: East | J21: =D21*E21 -> 9000 | K21: =H21-B21 -> 8 | L21: =H21-G21 -> 2 | M21: =IF(L21<=0,"Yes","No") -> No | N21: =IF(L21<0,"Early",IF(L21=0,"On-Time","Late")) -> Late | O21: =TEXT(B21,"mmmm") -> February

Sheet Products
A1: ProductID | B1: ProductName | C1: Category | D1: SellPrice | E1: SafetyStock | F1: ReorderPoint
A2: P101 | B2: Widget A | C2: Electronics | D2: 25 | E2: 200 | F2: 400
A3: P102 | B3: Gadget B | C3: Accessories | D3: 15 | E3: 150 | F3: 300
A4: P103 | B4: Component C | C4: Electronics | D4: 45 | E4: 100 | F4: 250
A5: P104 | B5: Device D | C5: Hardware | D5: 85 | E5: 50 | F5: 100
A6: P105 | B6: Part E | C6: Accessories | D6: 30 | E6: 175 | F6: 350

Sheet Suppliers
A1: SupplierID | B1: SupplierName | C1: Location | D1: ContractCost | E1: PaymentTerms
A2: S01 | B2: Alpha Parts Co | C2: China | D2: 50000 | E2: Net 30
A3: S02 | B3: Beta Supply Ltd | C3: Vietnam | D3: 35000 | E3: Net 45
A4: S03 | B4: Gamma Materials | C4: Mexico | D4: 42000 | E4: Net 30

Sheet Inventory
A1: ProductID | B1: Warehouse | C1: CurrentStock | D1: LastUpdated
A2: P101 | B2: North | C2: 580 | D2: 45337
A3: P101 | B3: South | C3: 320 | D3: 45337
A4: P101 | B4: East | C4: 150 | D4: 45337
A5: P101 | B5: West | C5: 400 | D5: 45337
A6: P102 | B6: North | C6: 200 | D6: 45337
A7: P102 | B7: South | C7: 450 | D7: 45337
A8: P102 | B8: East | C8: 180 | D8: 45337
A9: P102 | B9: West | C9: 90 | D9: 45337
A10: P103 | B10: North | C10: 300 | D10: 45337
A11: P103 | B11: South | C11: 250 | D11: 45337
A12: P103 | B12: East | C12: 175 | D12: 45337
A13: P103 | B13: West | C13: 220 | D13: 45337
... A21: P105 | B21: West | C21: 190 | D21: 45337

Sheet Sales
A1: Month | B1: ProductID | C1: UnitsSold | D1: Revenue
A2: 45200 | B2: P101 | C2: 1200 | D2: 30000
A3: 45200 | B3: P102 | C3: 800 | D3: 12000
A4: 45200 | B4: P103 | C4: 450 | D4: 20250
A5: 45200 | B5: P104 | C5: 120 | D5: 10200
A6: 45200 | B6: P105 | C6: 950 | D6: 28500
A7: 45231 | B7: P101 | C7: 1350 | D7: 33750
A8: 45231 | B8: P102 | C8: 920 | D8: 13800
A9: 45231 | B9: P103 | C9: 380 | D9: 17100
A10: 45231 | B10: P104 | C10: 150 | D10: 12750
A11: 45231 | B11: P105 | C11: 1100 | D11: 33000
A12: 45261 | B12: P101 | C12: 1800 | D12: 45000
A13: 45261 | B13: P102 | C13: 1400 | D13: 21000
... A26: 45323 | B26: P105 | C26: 1150 | D26: 34500

Sheet Metrics
A1: Supplier | B1: TotalOrders | C1: OnTimeOrders | D1: OnTime% | E1: AvgLeadTime | F1: TotalSpend
A2: S01 | B2: =COUNTIF(Orders!F:F,A2) -> 8 | C2: =COUNTIFS(Orders!F:F,A2,Orders!M:M,"Yes") -> 7 | D2: =C2/B2 -> 0.875 | E2: =AVERAGEIF(Orders!F:F,A2,Orders!K:K) -> 5.875 | F2: =SUMIF(Orders!F:F,A2,Orders!J:J) -> 67062.5 | H2: SupplierID | I2: COUNT of OrderID | J2: SUM of TotalCost | K2: AVERAGE of LeadTime | L2: AVERAGE of DaysLate
A3: S02 | B3: =COUNTIF(Orders!F:F,A3) -> 6 | C3: =COUNTIFS(Orders!F:F,A3,Orders!M:M,"Yes") -> 2 | D3: =C3/B3 -> 0.33333333 | E3: =AVERAGEIF(Orders!F:F,A3,Orders!K:K) -> 7.3333333 | F3: =SUMIF(Orders!F:F,A3,Orders!J:J) -> 38487.5 | H3: S01 | I3: 8 | J3: 67062.5 | K3: 5.875 | L3: -0.125
A4: S03 | B4: =COUNTIF(Orders!F:F,A4) -> 6 | C4: =COUNTIFS(Orders!F:F,A4,Orders!M:M,"Yes") -> 2 | D4: =C4/B4 -> 0.33333333 | E4: =AVERAGEIF(Orders!F:F,A4,Orders!K:K) -> 7 | F4: =SUMIF(Orders!F:F,A4,Orders!J:J) -> 42000 | H4: S02 | I4: 6 | J4: 38487.5 | K4: 7.3333333 | L4: 1.3333333
H5: S03 | I5: 6 | J5: 42000 | K5: 7 | L5: 1.1666667
H6: Grand Total | I6: 20 | J6: 147550 | K6: 6.65 | L6: 0.7
A7: ProductID | B7: TotalQtyOrdered | C7: TotalCost | D7: AvgOrderSize | E7: CurrentStockAll | H7: ProductID | I7: Warehouse
A8: P101 | B8: =SUMIF(Orders!C:C,A8,Orders!D:D) -> 2100 | C8: =SUMIF(Orders!C:C,A8,Orders!J:J) -> 26250 | D8: =AVERAGEIF(Orders!C:C,A8,Orders!D:D) -> 420 | E8: =SUMIF(Inventory!A:A,A8,Inventory!C:C) -> 1450 | H8: ProductID | I8: East | J8: North | K8: South | L8: West | M8: Grand Total
A9: P102 | B9: =SUMIF(Orders!C:C,A9,Orders!D:D) -> 1700 | C9: =SUMIF(Orders!C:C,A9,Orders!J:J) -> 14875 | D9: =AVERAGEIF(Orders!C:C,A9,Orders!D:D) -> 425 | E9: =SUMIF(Inventory!A:A,A9,Inventory!C:C) -> 920 | H9: P101 | J9: 1300 | K9: 450 | L9: 350 | M9: 2100
A10: P103 | B10: =SUMIF(Orders!C:C,A10,Orders!D:D) -> 1950 | C10: =SUMIF(Orders!C:C,A10,Orders!J:J) -> 42900 | D10: =AVERAGEIF(Orders!C:C,A10,Orders!D:D) -> 487.5 | E10: =SUMIF(Inventory!A:A,A10,Inventory!C:C) -> 945 | H10: P102 | I10: 550 | K10: 750 | L10: 400 | M10: 1700
A11: P104 | B11: =SUMIF(Orders!C:C,A11,Orders!D:D) -> 700 | C11: =SUMIF(Orders!C:C,A11,Orders!J:J) -> 31500 | D11: =AVERAGEIF(Orders!C:C,A11,Orders!D:D) -> 175 | E11: =SUMIF(Inventory!A:A,A11,Inventory!C:C) -> 220 | H11: P103 | I11: 750 | J11: 400 | K11: 500 | L11: 300 | M11: 1950
A12: P105 | B12: =SUMIF(Orders!C:C,A12,Orders!D:D) -> 2100 | C12: =SUMIF(Orders!C:C,A12,Orders!J:J) -> 32025 | D12: =AVERAGEIF(Orders!C:C,A12,Orders!D:D) -> 700 | E12: =SUMIF(Inventory!A:A,A12,Inventory!C:C) -> 1220 | H12: P104 | I12: 200 | J12: 150 | K12: 250 | L12: 100 | M12: 700
H13: P105 | I13: 1300 | J13: 800 | M13: 2100
H14: Grand Total | I14: 2800 | J14: 2650 | K14: 1950 | L14: 1150 | M14: 8550
H17: Month | I17: SUM of TotalCost | J17: Count of OrderID
H18: January | I18: 93500 | J18: 13
H19: February | I19: 54050 | J19: 7
H20: Grand Total | I20: 147550 | J20: 20
H21: COUNT of OrderID | I21: DeliveryStatus
H22: SupplierID | I22: Early | J22: Late | K22: On-Time | L22: Grand Total
H23: S01 | I23: 3028 | J23: 1006 | K23: 4045 | L23: 8079
H24: S02 | I24: 1018 | J24: 4037 | K24: 1005 | L24: 6060
H25: S03 | I25: 1007 | J25: 4051 | K25: 1013 | L25: 6071
H26: Grand Total | I26: 5053 | J26: 9094 | K26: 6063 | L26: 20210

Sheet ABC_Analysis
A1: ProductID | B1: AnnualUsageValue | C1: CumulativeValue | D1: Cumulative% | E1: Category
A2: P101 | B2: =SUMIF(Sales!B:B,A2,Sales!D:D) -> 181250 | C2: =SUM($B$2:B2) -> 181250 | D2: =C2/SUM($B$2:$B$6) -> 0.29447604 | E2: =IF(D2<=0.7,"A",IF(D2<=0.9,"B","C")) -> A
A3: P105 | B3: =SUMIF(Sales!B:B,A3,Sales!D:D) -> 178500 | C3: =SUM($B$2:B3) -> 359750 | D3: =C3/SUM($B$2:$B$6) -> 0.58448416 | E3: =IF(D3<=0.7,"A",IF(D3<=0.9,"B","C")) -> A
A4: P103 | B4: =SUMIF(Sales!B:B,A4,Sales!D:D) -> 109350 | C4: =SUM($B$2:B4) -> 469100 | D4: =C4/SUM($B$2:$B$6) -> 0.7621446 | E4: =IF(D4<=0.7,"A",IF(D4<=0.9,"B","C")) -> B
A5: P102 | B5: =SUMIF(Sales!B:B,A5,Sales!D:D) -> 77550 | C5: =SUM($B$2:B5) -> 546650 | D5: =C5/SUM($B$2:$B$6) -> 0.88813972 | E5: =IF(D5<=0.7,"A",IF(D5<=0.9,"B","C")) -> B
A6: P104 | B6: =SUMIF(Sales!B:B,A6,Sales!D:D) -> 68850 | C6: =SUM($B$2:B6) -> 615500 | D6: =C6/SUM($B$2:$B$6) -> 1 | E6: =IF(D6<=0.7,"A",IF(D6<=0.9,"B","C")) -> C

Sheet Inventory_Health
A1: ProductID | B1: TotalStock | C1: AvgMonthlySales | D1: DaysOfSupply | E1: SafetyStock | F1: Status
A2: P101 | B2: =SUMIF(Inventory!A:A,A2,Inventory!C:C) -> 1450 | C2: =AVERAGEIF(Sales!B:B,A2,Sales!C:C) -> 1450 | D2: =B2/(C2/30) -> 30 | E2: =VLOOKUP(A2,Products!A1:F6,5,0) -> 200 | F2: =IF(D2<7,"Critical",IF(D2<15,"Low",IF(D2>45,"Excess","OK"))) -> OK
A3: P102 | B3: =SUMIF(Inventory!A:A,A3,Inventory!C:C) -> 920 | C3: =AVERAGEIF(Sales!B:B,A3,Sales!C:C) -> 1034 | D3: =B3/(C3/30) -> 26.692456 | E3: =VLOOKUP(A3,Products!A2:F7,5,0) -> 150 | F3: =IF(D3<7,"Critical",IF(D3<15,"Low",IF(D3>45,"Excess","OK"))) -> OK
A4: P103 | B4: =SUMIF(Inventory!A:A,A4,Inventory!C:C) -> 945 | C4: =AVERAGEIF(Sales!B:B,A4,Sales!C:C) -> 486 | D4: =B4/(C4/30) -> 58.333333 | E4: =VLOOKUP(A4,Products!A3:F8,5,0) -> 100 | F4: =IF(D4<7,"Critical",IF(D4<15,"Low",IF(D4>45,"Excess","OK"))) -> Excess
A5: P104 | B5: =SUMIF(Inventory!A:A,A5,Inventory!C:C) -> 220 | C5: =AVERAGEIF(Sales!B:B,A5,Sales!C:C) -> 162 | D5: =B5/(C5/30) -> 40.740741 | E5: =VLOOKUP(A5,Products!A4:F9,5,0) -> 50 | F5: =IF(D5<7,"Critical",IF(D5<15,"Low",IF(D5>45,"Excess","OK"))) -> OK
A6: P105 | B6: =SUMIF(Inventory!A:A,A6,Inventory!C:C) -> 1220 | C6: =AVERAGEIF(Sales!B:B,A6,Sales!C:C) -> 1190 | D6: =B6/(C6/30) -> 30.756303 | E6: =VLOOKUP(A6,Products!A5:F10,5,0) -> 175 | F6: =IF(D6<7,"Critical",IF(D6<15,"Low",IF(D6>45,"Excess","OK"))) -> OK

Sheet DASHBOARD
A1: SUPPLY CHAIN & INVENTORY MANAGEMENT DASHBOARD
A3: Total Orders | C3: On time delivery % | E3: Total Inventory | G3: Total spend
A4: =COUNTA(Orders!A2:A1001) -> 20 | C4: =COUNTIF(Orders!M2:M1001,"Yes")/COUNTA(Orders!A2:A1001) -> 0.55 | E4: =SUM(Inventory!C2:C21) -> 4755 | G4: =SUM(Orders!J2:J1001) -> 147550
